mean_fit_time,std_fit_time,mean_score_time,std_score_time,param_learning_rate,param_loss,param_max_depth,param_min_samples_leaf,param_n_estimators,param_random_state,param_subsample,params,split0_test_neg_rmse,split1_test_neg_rmse,split2_test_neg_rmse,split3_test_neg_rmse,split4_test_neg_rmse,mean_test_neg_rmse,std_test_neg_rmse,rank_test_neg_rmse,split0_train_neg_rmse,split1_train_neg_rmse,split2_train_neg_rmse,split3_train_neg_rmse,split4_train_neg_rmse,mean_train_neg_rmse,std_train_neg_rmse,split0_test_r2,split1_test_r2,split2_test_r2,split3_test_r2,split4_test_r2,mean_test_r2,std_test_r2,rank_test_r2,split0_train_r2,split1_train_r2,split2_train_r2,split3_train_r2,split4_train_r2,mean_train_r2,std_train_r2
1.3548040390014648,0.23660977513696074,0.0058440685272216795,0.001359280432188738,0.03,huber,1,1,400,42,1.0,"{'learning_rate': 0.03, 'loss': 'huber', 'max_depth': 1, 'min_samples_leaf': 1, 'n_estimators': 400, 'random_state': 42, 'subsample': 1.0}",-40.458065768575985,-350.7674694386141,-640.6987516571231,-27.616380088512695,-53.71005257226575,-222.65014390501833,241.22668358578463,46,-33.026071451087546,-35.5812484460706,-200.8929239607722,-185.2125488251639,-166.4014224820505,-124.22284303302895,74.23107371485715,-0.10393027669280341,-0.0015013680272777385,-26.39905443910025,-0.2676647128809362,-0.14605606236090574,-5.383641371812435,10.508052947197399,46,0.12552081320439334,0.07648366324605216,0.03210585278904188,0.021816288311638954,0.017941437440801677,0.054773610998385604,0.04106851440815886
1.9414433002471925,0.29983393316336604,0.005447673797607422,0.0009658608177339957,0.03,huber,1,1,600,42,1.0,"{'learning_rate': 0.03, 'loss': 'huber', 'max_depth': 1, 'min_samples_leaf': 1, 'n_estimators': 600, 'random_state': 42, 'subsample': 1.0}",-41.89529199382305,-350.7632316693452,-648.9770293755522,-27.727768863534283,-56.64413378933802,-225.20149113831854,243.458445671441,50,-32.48377729264538,-35.40855691341715,-200.1289288927836,-184.99108600644814,-166.10723858576262,-123.82391753821139,74.1782363089679,-0.1837550799673806,-0.0014771690552954908,-27.11165860325062,-0.2779114133253713,-0.27469002607141224,-5.569898458334015,10.771347599200176,49,0.15400325168949336,0.08542637530455166,0.039453650275459995,0.024154162369403487,0.02141076395576924,0.06488964071893555,0.05011940673719979
2.7746710777282715,0.302736006114977,0.00650787353515625,0.000661183424915431,0.03,huber,1,1,800,42,1.0,"{'learning_rate': 0.03, 'loss': 'huber', 'max_depth': 1, 'min_samples_leaf': 1, 'n_estimators': 800, 'random_state': 42, 'subsample': 1.0}",-42.28001341194655,-350.7632483695757,-652.9136302688133,-27.94788678072328,-59.71853418534068,-226.72466260327997,244.31360546215595,53,-31.992682730662455,-35.408204415573,-199.49593235425766,-184.78158997829703,-165.91630876290566,-123.51894364833916,74.11303532111174,-0.20559557502025338,-0.0014772644181979544,-27.45373547936576,-0.29828144167693704,-0.41681447883979694,-5.67518084786419,10.890125631434756,53,0.17938970059987502,0.08544458466717042,0.04552034885153822,0.02636313441469129,0.023659124588202296,0.07207537862429544,0.05802415342440288
3.1037099838256834,0.604432723365306,0.006159734725952148,0.0008274808349566598,0.03,huber,1,1,1000,42,1.0,"{'learning_rate': 0.03, 'loss': 'huber', 'max_depth': 1, 'min_samples_leaf': 1, 'n_estimators': 1000, 'random_state': 42, 'subsample': 1.0}",-42.829045649917795,-350.76324828060586,-654.7239394945644,-28.134556055223115,-62.606985318632425,-227.81155495978874,244.4394753030101,55,-31.534333875847317,-35.408205842687494,-198.9950430838362,-184.58549093799297,-165.74513119767087,-123.25364098760697,74.07176833716451,-0.23710968509599128,-0.0014772639101556795,-27.61173944026712,-0.31568229958120986,-0.5571852873173577,-5.7446387952343665,10.934990758316998,54,0.20273450588732034,0.08544451094553784,0.050307297879953916,0.028428577658799137,0.02567268722681726,0.0785175159196857,0.06568886955069078
1.2294425964355469,0.1193968315259374,0.004202795028686523,0.0002989189572444877,0.03,huber,1,3,400,42,1.0,"{'learning_rate': 0.03, 'loss': 'huber', 'max_depth': 1, 'min_samples_leaf': 3, 'n_estimators': 400, 'random_state': 42, 'subsample': 1.0}",-38.28521366486002,-350.7674694386141,-260.3641077225488,-27.66042840359274,-52.657062630787784,-145.94685637208067,133.6626237298979,11,-33.0539103412393,-35.5812484460706,-201.62432313563687,-185.3826373331094,-166.51688528375757,-124.43180090796275,74.41664307521572,0.011461557667802658,-0.0015013680272777385,-3.524702703613916,-0.2717118056498038,-0.10155951525681117,-0.7776027669760012,1.3772780470695365,11,0.12404593051923507,0.07648366324605216,0.025045318869229005,0.020018848505768405,0.016578100861123102,0.05243437240028155,0.04193609971797854
1.817523717880249,0.3403741753172538,0.014943122863769531,0.017929365020708403,0.03,huber,1,3,600,42,1.0,"{'learning_rate': 0.03, 'loss': 'huber', 'max_depth': 1, 'min_samples_leaf': 3, 'n_estimators': 600, 'random_state': 42, 'subsample': 1.0}",-38.50636161658293,-350.7632316693452,-263.9888690548045,-27.68808119144548,-53.30367681767533,-146.8500440699707,134.15732715471793,13,-32.51298582837504,-35.40855691341715,-201.17734406519014,-185.0286736997454,-166.22825328315048,-124.07116275797566,74.40747147345404,8.32955921681311e-06,-0.0014771690552954908,-3.6515645341766874,-0.2742557977087503,-0.12877931446053092,-0.8112136971684094,1.4237547381059978,12,0.15248117280952378,0.08542637530455166,0.029363263125412264,0.023757564660163655,0.019984374364465762,0.06220255005282342,0.051045833938461856
2.647933912277222,0.6283127764603206,0.006376218795776367,0.0010983604331093724,0.03,huber,1,3,800,42,1.0,"{'learning_rate': 0.03, 'loss': 'huber', 'max_depth': 1, 'min_samples_leaf': 3, 'n_estimators': 800, 'random_state': 42, 'subsample': 1.0}",-38.649879547394,-350.7632483695757,-263.99392339987475,-27.689087487812035,-53.30599809040923,-146.88042737901316,134.13454174893081,14,-32.02265405110687,-35.408204415573,-200.8779843117622,-184.7454280475044,-165.92817299228872,-123.79648876364703,74.38593216401074,-0.007459744887075681,-0.0014772644181979544,-3.651742654090789,-0.27434842256577974,-0.128877628942913,-0.812781142980951,1.422961194839069,14,0.1778514554415156,0.08544458466717042,0.03224980471014827,0.026744180424497888,0.023519488571201452,0.06916190276290672,0.058861771491781505
3.1671454906463623,0.6309301072934568,0.0050542354583740234,0.0007957297853382637,0.03,huber,1,3,1000,42,1.0,"{'learning_rate': 0.03, 'loss': 'huber', 'max_depth': 1, 'min_samples_leaf': 3, 'n_estimators': 1000, 'random_state': 42, 'subsample': 1.0}",-38.745631677423944,-350.76324828060586,-263.59941742960694,-27.738037760605312,-53.305188296896475,-146.8303046890277,134.04169735607312,12,-31.583103228370977,-35.408205842687494,-200.6399610473546,-184.55195886955758,-165.71066772431433,-123.57877934245701,74.38884973030117,-0.01245773772533032,-0.0014772639101556795,-3.6378501445092066,-0.2788581300134694,-0.12884333070745368,-0.8118973213731231,1.4165159518848836,13,0.2002665806970012,0.08544451094553784,0.03454184871487609,0.028781539748097162,0.026077829895236437,0.07502246200014975,0.06628301189132647
1.8468686103820802,0.481403160746135,0.004978322982788086,0.0007776504404703546,0.03,huber,2,1,400,42,1.0,"{'learning_rate': 0.03, 'loss': 'huber', 'max_depth': 2, 'min_samples_leaf': 1, 'n_estimators': 400, 'random_state': 42, 'subsample': 1.0}",-42.03462242532318,-352.3900160668319,-686.3217601856888,-41.424091034428756,-72.79865306357219,-238.99382855516896,252.35234898015716,64,-22.40508982601337,-28.576622397907716,-192.83011602091818,-178.15751525189077,-160.4786485580445,-116.48959841095491,75.02856687481297,-0.19164175915144632,-0.010788095871205217,-30.440059330659498,-1.8521796287298167,-1.1054328553256836,-6.720020333947529,11.878495188636544,62,0.5975341607334419,0.40430492367911386,0.10823934101696564,0.09491804952511584,0.08660667341216088,0.25832062967335967,0.20740670815060339
2.8686001777648924,0.6269747658815321,0.005535221099853516,0.0014932664498311695,0.03,huber,2,1,600,42,1.0,"{'learning_rate': 0.03, 'loss': 'huber', 'max_depth': 2, 'min_samples_leaf': 1, 'n_estimators': 600, 'random_state': 42, 'subsample': 1.0}",-43.12466522314102,-352.32809426018457,-684.6113539031646,-47.83168920855938,-154.00190842085428,-256.37954220318073,241.67732149996706,66,-19.055373738768516,-26.63194941302308,-190.78948092204075,-174.7927627460013,-158.61949188673557,-113.97781174131384,75.14111963027686,-0.2542464654122445,-0.010432896671152658,-30.2835488701058,-2.8027899348237866,-8.422082732552068,-8.35462017991301,11.374944391057449,65,0.7088809754388781,0.4826217917751374,0.12701368284455283,0.128782673965943,0.10764753794301463,0.31098933239350524,0.24338021780390323
3.648449659347534,0.8507223361183782,0.0069888591766357425,0.0016605681242526475,0.03,huber,2,1,800,42,1.0,"{'learning_rate': 0.03, 'loss': 'huber', 'max_depth': 2, 'min_samples_leaf': 1, 'n_estimators': 800, 'random_state': 42, 'subsample': 1.0}",-45.75940941867613,-352.4518274087308,-684.429009439839,-49.065533024537366,-211.00408521737708,-268.5419729018321,237.11409811154692,68,-15.243804886294894,-24.572237618195185,-189.25057136856483,-172.33493191165883,-157.12546404018227,-111.7054019649792,75.69571094633503,-0.41218708024475337,-0.011142723671408783,-30.26688650474059,-3.001510317424157,-16.68790655676219,-10.075926636568619,11.799391870308611,68,0.8136959020038307,0.5595550541541086,0.14103991583956754,0.1531114837285541,0.12437840433541181,0.35835615201229454,0.2799687814441303
4.566786241531372,0.9522134084141455,0.00816516876220703,0.0024008910274260853,0.03,huber,2,1,1000,42,1.0,"{'learning_rate': 0.03, 'loss': 'huber', 'max_depth': 2, 'min_samples_leaf': 1, 'n_estimators': 1000, 'random_state': 42, 'subsample': 1.0}",-46.973701545742294,-352.6023296986966,-676.5157491822569,-48.920479676138896,-246.30622796075195,-274.26369761271735,232.88004747529763,70,-13.751201137584026,-22.7643459829073,-179.37351878494036,-170.13918668997616,-154.71191574299274,-108.1480336676801,73.87192160965117,-0.4881303726285897,-0.012006454683675338,-29.548060522636796,-2.977885811062562,-23.101578913443824,-11.225532414891088,12.536460092657663,70,0.8483938168183377,0.6219819189049655,0.2283590988101839,0.17455466974593703,0.15107202496720928,0.4048723058493267,0.2801662446151364
1.8299081802368165,0.2096169617118916,0.005048942565917969,0.0009014115614038665,0.03,huber,2,3,400,42,1.0,"{'learning_rate': 0.03, 'loss': 'huber', 'max_depth': 2, 'min_samples_leaf': 3, 'n_estimators': 400, 'random_state': 42, 'subsample': 1.0}",-39.55204331969938,-351.8884382587825,-207.77939844038661,-32.5207929131251,-70.27292703914691,-140.4027199942281,123.28291273706738,7,-23.701163013562947,-29.21202440521201,-193.5786420902018,-178.4762442984868,-160.55199540712866,-117.10401384291845,74.76863097452603,-0.05504081746312206,-0.007912713251843284,-1.8815939840474294,-0.7578958888323604,-0.9618725674344941,-0.7328631942058499,0.6866805269709496,9,0.5496242900149191,0.37751982038620424,0.10130264799456001,0.09167671611620765,0.08577154882677429,0.24117900466773307,0.1896286470198788
2.736621379852295,0.3702972873253797,0.011077451705932616,0.00908809258393246,0.03,huber,2,3,600,42,1.0,"{'learning_rate': 0.03, 'loss': 'huber', 'max_depth': 2, 'min_samples_leaf': 3, 'n_estimators': 600, 'random_state': 42, 'subsample': 1.0}",-39.287718352317555,-352.4064982570872,-439.84351500748295,-33.960633764230494,-74.58825452721639,-188.0173239816669,172.7196249962585,29,-22.171952193578072,-27.45477611810129,-192.45944999277668,-176.05651624597039,-159.11699811410415,-115.45193853290611,74.77214124762415,-0.04098633355695669,-0.010882652416850824,-11.912912434973068,-0.9170015822241517,-1.210220466739154,-2.8184006939820363,4.571824452354264,27,0.6058663528259982,0.45015784736649267,0.11166440442850512,0.11613931204797978,0.10204107530375761,0.2771737983945467,0.21069371728578207
3.3626977443695067,0.5903380135872239,0.007282543182373047,0.001628085174612309,0.03,huber,2,3,800,42,1.0,"{'learning_rate': 0.03, 'loss': 'huber', 'max_depth': 2, 'min_samples_leaf': 3, 'n_estimators': 800, 'random_state': 42, 'subsample': 1.0}",-38.75075612544023,-352.4538960668454,-595.7535103930157,-35.537332249959846,-77.31856944257592,-219.96281285556742,221.79742246744738,40,-20.350148797449666,-26.4273333552149,-188.2825866326954,-173.70737071324544,-157.79512325270537,-113.31251255026216,74.07805207161323,-0.012725568183586056,-0.01115459317853662,-22.689780663307257,-1.0991358413689412,-1.3749929675413521,-5.037557926715935,8.843530842910017,39,0.6679749710192875,0.4905413928565455,0.14980431591251986,0.13956889183278665,0.11689880700331534,0.31295767572489097,0.2248088191110287
4.139663553237915,0.8100253241045162,0.006693315505981445,0.0007017637486564499,0.03,huber,2,3,1000,42,1.0,"{'learning_rate': 0.03, 'loss': 'huber', 'max_depth': 2, 'min_samples_leaf': 3, 'n_estimators': 1000, 'random_state': 42, 'subsample': 1.0}",-38.598409467552344,-352.52295539324416,-599.6369991827313,-36.76979013924814,-78.27098076014774,-221.15982698858474,222.82137267749656,42,-18.76242429356421,-25.461929365414594,-180.50666981946304,-171.91844910567713,-156.01863836874642,-110.53362219057308,72.65308906053612,-0.004778261421586771,-0.011550880449195278,-22.99963649840817,-1.2472593757071646,-1.4338637327260644,-5.139417749742436,8.950161813464705,40,0.7177632575584192,0.5270830978633048,0.21857897567001272,0.15719989805211476,0.1366710900403717,0.35145926383684467,0.23088966138644607
2.6144919395446777,0.7412107860516266,0.006552553176879883,0.000651869002156644,0.03,huber,3,1,400,42,1.0,"{'learning_rate': 0.03, 'loss': 'huber', 'max_depth': 3, 'min_samples_leaf': 1, 'n_estimators': 400, 'random_state': 42, 'subsample': 1.0}",-49.75066324547632,-353.03223437902994,-555.5976904422237,-40.23994548495568,-96.15894975223834,-218.95589666078482,203.44682550789162,38,-15.93516860542846,-24.096534592004996,-185.62652099018982,-166.39122549773583,-154.88505863681243,-109.3869016644343,73.67459250731233,-0.6692798930972443,-0.014475704024967895,-19.60386440751522,-1.6914459708255656,-2.673449979336586,-4.930503190959916,7.392139886574936,37,0.796413502382161,0.5764434547688194,0.17362221395102884,0.2105212389356791,0.1491708385751913,0.3812342497225759,0.25945310243519976
3.6921815395355226,0.7550571015029789,0.007010459899902344,0.000975278141569053,0.03,huber,3,1,600,42,1.0,"{'learning_rate': 0.03, 'loss': 'huber', 'max_depth': 3, 'min_samples_leaf': 1, 'n_estimators': 600, 'random_state': 42, 'subsample': 1.0}",-49.94172353479752,-352.9255337412826,-333.82479777059353,-41.63823086937098,-122.50525507593349,-180.16710819839562,136.33044350478846,26,-12.809383216558631,-21.60483860596031,-114.2018835118559,-157.79151745085295,-150.51983764586492,-91.38549208621853,62.403146126477566,-0.682125772404518,-0.013862565415986072,-6.438151311637517,-1.8817442574472465,-4.962167127309738,-2.7956102068430013,2.490066744422867,26,0.8684496274694208,0.6595100711177703,0.6872155764465803,0.2900186911268864,0.19645389563844662,0.5403295723598208,0.25469522113698456
4.440181493759155,0.7621860373136217,0.007355117797851562,0.0011349618259455523,0.03,huber,3,1,800,42,1.0,"{'learning_rate': 0.03, 'loss': 'huber', 'max_depth': 3, 'min_samples_leaf': 1, 'n_estimators': 800, 'random_state': 42, 'subsample': 1.0}",-50.50604747730095,-352.9109661912034,-348.5479879447497,-49.70108323023945,-132.66845721027647,-186.866908410754,137.15510979031734,28,-10.372816794102196,-17.673099663257247,-60.25856977401588,-82.8520296534419,-137.07158323082973,-61.645619823129394,46.26703911290078,-0.7203554110396895,-0.013778869636189572,-7.108732613213988,-3.105845537721768,-5.992461203899664,-3.3882347271022595,2.800299130320009,30,0.9137361057235374,0.7721612070508725,0.9129164303251688,0.8042571469984966,0.3336257976450122,0.7473393375486175,0.21453126273302192
5.660345554351807,1.1338079456804036,0.007700634002685547,0.0005633511556413422,0.03,huber,3,1,1000,42,1.0,"{'learning_rate': 0.03, 'loss': 'huber', 'max_depth': 3, 'min_samples_leaf': 1, 'n_estimators': 1000, 'random_state': 42, 'subsample': 1.0}",-50.557258441081075,-352.91882517058195,-354.15881065860464,-48.23713784618852,-113.68783630894987,-183.91197368508122,140.47766511191176,27,-5.661016326831826,-14.528317221580771,-55.87396633423248,-74.21587080614042,-101.1107183316117,-50.277977804079434,35.93610107335853,-0.723845912806981,-0.013824021851370105,-7.3718978508821404,-2.8675324000755236,-4.134790276537238,-3.0223780924306505,2.6273335517712373,28,0.9743064295052782,0.8460311571099208,0.9251283183785478,0.8429372543251037,0.6374084247350329,0.8451623168107767,0.11510008575977453
2.219329595565796,0.39756921652228466,0.004805612564086914,0.000964803458172139,0.03,huber,3,3,400,42,1.0,"{'learning_rate': 0.03, 'loss': 'huber', 'max_depth': 3, 'min_samples_leaf': 3, 'n_estimators': 400, 'random_state': 42, 'subsample': 1.0}",-38.79549650694278,-351.9779625423273,-279.9379382356484,-38.35955846906107,-89.85923790686104,-159.78603873216812,130.87938983877285,22,-17.273708740649266,-25.895111054627744,-187.51883264555133,-173.83944840622746,-156.4453432236073,-112.19448881413261,74.68538414462316,-0.015065439163727712,-0.008425626617604376,-4.2305979466548,-1.4457839910011065,-2.207895186996106,-1.5815536380866688,1.5720553361475973,22,0.7607748529952948,0.5108548251628395,0.15668783451415702,0.13825994380653195,0.13194229093561827,0.33970394948288835,0.25449275846446584
3.3118969440460204,0.5327526334936866,0.005588054656982422,0.0007883181301228176,0.03,huber,3,3,600,42,1.0,"{'learning_rate': 0.03, 'loss': 'huber', 'max_depth': 3, 'min_samples_leaf': 3, 'n_estimators': 600, 'random_state': 42, 'subsample': 1.0}",-38.71412365444927,-351.48225629139495,-417.7535839500282,-44.17703201924803,-95.2341473850922,-189.47222866004253,161.91302762921396,30,-14.436273164858026,-24.26460228548201,-178.24898859356804,-169.74079156917438,-149.6368561050506,-107.2655023436266,72.44800052999896,-0.010811742061334728,-0.005587205260579653,-10.648451305510102,-2.2438739385995383,-2.6031314286810323,-3.1023711240225174,3.9262550566135737,29,0.8329117818771017,0.5705144341628958,0.23800392815364935,0.17841584223189388,0.20585379004499826,0.4051399552941078,0.2566673740665585
4.3923930644989015,0.8707444435550012,0.006923103332519531,0.0007606349442938447,0.03,huber,3,3,800,42,1.0,"{'learning_rate': 0.03, 'loss': 'huber', 'max_depth': 3, 'min_samples_leaf': 3, 'n_estimators': 800, 'random_state': 42, 'subsample': 1.0}",-38.974395173130446,-351.3339591611763,-307.9778247408885,-46.482275906213516,-96.12741431246106,-168.17917385877396,134.00358504743832,23,-12.214580099563142,-22.745542172000782,-171.23462457051696,-166.6515037747,-142.0918650150295,-102.98762312636208,70.59521447696447,-0.024448618333449135,-0.004738831070674632,-5.33091837375355,-2.5912502322411752,-2.671040950008957,-2.1244794010815613,1.9850080500439728,24,0.8803830488316304,0.6226061621642223,0.29679531454120067,0.2080494152464467,0.28391966595811036,0.45835072134832205,0.25466378685163166
5.641861772537231,1.1280608778299765,0.008368921279907227,0.0005565634527127589,0.03,huber,3,3,1000,42,1.0,"{'learning_rate': 0.03, 'loss': 'huber', 'max_depth': 3, 'min_samples_leaf': 3, 'n_estimators': 1000, 'random_state': 42, 'subsample': 1.0}",-39.09491181250868,-351.1448223168499,-328.65393594185923,-47.736456848681314,-99.54756183696362,-173.23553775137253,137.82614894115676,25,-10.844366692103145,-21.296163937849293,-168.2750293313572,-155.21587126289435,-138.37838694432892,-98.80196363370658,68.29204486574127,-0.030794014611044362,-0.0036573416456731067,-6.209505792765809,-2.7876623845060586,-2.936914317778444,-2.3937067702614057,2.293743255373691,25,0.9057146898599627,0.6691699270443671,0.3208934272824243,0.3130077082648708,0.32085916367015777,0.5059289832243566,0.2417369770531335
1.1095386505126954,0.18842550607977024,0.005125188827514648,0.0015683642235714895,0.05,huber,1,1,400,42,1.0,"{'learning_rate': 0.05, 'loss': 'huber', 'max_depth': 1, 'min_samples_leaf': 1, 'n_estimators': 400, 'random_state': 42, 'subsample': 1.0}",-42.14384722458472,-350.7617608228605,-651.9883194072291,-27.879500021234627,-57.935796585152616,-226.14184481221227,244.26700085355054,52,-32.29408921285059,-35.40315049836861,-199.86533712014085,-184.91395525439052,-166.03485196952423,-123.70227681105496,74.15108997258972,-0.19784264438957444,-0.0014687701357265492,-27.373143214699994,-0.29193558552251386,-0.3334866530712959,-5.6395753735638205,10.86738700042503,50,0.16385475086934853,0.08570564040620798,0.04198227395342424,0.024967737053409267,0.022263482107958255,0.06775477687806966,0.053144800472575714
1.703900146484375,0.267002768343878,0.005114459991455078,0.0013307745704668607,0.05,huber,1,1,600,42,1.0,"{'learning_rate': 0.05, 'loss': 'huber', 'max_depth': 1, 'min_samples_leaf': 1, 'n_estimators': 600, 'random_state': 42, 'subsample': 1.0}",-42.80933952791497,-350.7617593051226,-654.6159424035665,-28.217980533041384,-62.74654916677332,-227.83031418728373,244.37209617092938,56,-31.517181150353004,-35.40316907916969,-198.95489348222156,-184.57575238221898,-165.73741789433515,-123.23768279765969,74.06650319826818,-0.23597153104307633,-0.0014687614690629403,-27.602301172948057,-0.32349637979833523,-0.5641355981459886,-5.745474688680904,10.929896766688387,55,0.20360159614954665,0.08570468069918513,0.05069048267178,0.028531093331527035,0.02576336991761552,0.07885824455393087,0.06595921183194468
2.24641809463501,0.36569530188884786,0.005033540725708008,0.0008990696196395635,0.05,huber,1,1,800,42,1.0,"{'learning_rate': 0.05, 'loss': 'huber', 'max_depth': 1, 'min_samples_leaf': 1, 'n_estimators': 800, 'random_state': 42, 'subsample': 1.0}",-43.374873889354305,-350.7617593046559,-657.2409008010678,-28.57577376489451,-68.01921003099132,-229.5945035581928,244.44050426230567,59,-30.83602319032161,-35.40316908680788,-198.27240338545326,-184.3285369675107,-165.50587078086144,-122.86920068219096,74.02863104764077,-0.2688429258251719,-0.001468761466398183,-27.832147034999547,-0.35727202064827956,-0.8380523455195539,-5.859556617691791,10.98961913357102,57,0.23765356740705867,0.08570468030466938,0.05719228890947614,0.031131665210218595,0.028483625916177924,0.08803316554952015,0.07762315966112143
2.760550546646118,0.4255971736210668,0.00580906867980957,0.0007659737478835975,0.05,huber,1,1,1000,42,1.0,"{'learning_rate': 0.05, 'loss': 'huber', 'max_depth': 1, 'min_samples_leaf': 1, 'n_estimators': 1000, 'random_state': 42, 'subsample': 1.0}",-44.00078622200614,-350.7617593046559,-659.3856677880358,-28.67826476425865,-71.35703072690121,-230.83670176117158,244.6408363978077,61,-30.239885147874528,-35.40316908680834,-197.70473485006863,-183.98069151766367,-165.3278549152405,-122.53126710353112,73.98328809871835,-0.30572670311682604,-0.001468761466398183,-28.020629325335918,-0.36702557149690906,-1.0228712780821247,-5.943544327899636,11.043563883957502,58,0.266844798894902,0.08570468030464551,0.06258321675985246,0.03478490801554179,0.03057240160322061,0.09609800111563246,0.08767967885061015
1.113918161392212,0.1654009904315727,0.005165290832519531,0.001343802868918801,0.05,huber,1,3,400,42,1.0,"{'learning_rate': 0.05, 'loss': 'huber', 'max_depth': 1, 'min_samples_leaf': 3, 'n_estimators': 400, 'random_state': 42, 'subsample': 1.0}",-38.52875868358965,-350.7617608228605,-265.0359346179677,-27.764262496920452,-53.323722858209855,-147.08288789590964,134.32030291249717,16,-32.32905312224424,-35.40315049836861,-201.0114428108604,-184.90468895847454,-166.11713984117696,-123.95309504622495,74.38675980582272,-0.001155290841944101,-0.0014687701357265492,-3.688536941645081,-0.2812774483181948,-0.129628479547923,-0.8204133860977739,1.4377648060140653,16,0.1620432284915736,0.08570564040620798,0.030963477663655592,0.025065455055136132,0.02129409774867108,0.06501437987304888,0.05386941494225411
1.6925733089447021,0.29650298894145816,0.0061187267303466795,0.0015962658952230024,0.05,huber,1,3,600,42,1.0,"{'learning_rate': 0.05, 'loss': 'huber', 'max_depth': 1, 'min_samples_leaf': 3, 'n_estimators': 600, 'random_state': 42, 'subsample': 1.0}",-38.79316942810178,-350.7617593051226,-264.3989070518461,-27.848137888218996,-53.323530651000176,-147.02510086485793,134.15104928298854,15,-31.56251070066957,-35.40316907916969,-200.5379249345107,-184.5343281723368,-165.70444081411722,-123.5484747401608,74.37040772518573,-0.01494366902677391,-0.0014687614690629403,-3.666025745914401,-0.2890305789025449,-0.12962033599248146,-0.8202178182610528,1.4266410901337736,15,0.2013091105358381,0.08570468069918513,0.03552357286551899,0.02896709660481689,0.026151022671925706,0.07553109667545696,0.06652940756556552
2.293059062957764,0.34286708471024047,0.005867767333984375,0.0006077471203220807,0.05,huber,1,3,800,42,1.0,"{'learning_rate': 0.05, 'loss': 'huber', 'max_depth': 1, 'min_samples_leaf': 3, 'n_estimators': 800, 'random_state': 42, 'subsample': 1.0}",-38.96727925299034,-350.7617593046559,-276.6388889246278,-28.154626514983725,-56.27675543684288,-150.15986188682015,135.86844453049605,18,-30.895839696198895,-35.40316908680788,-199.598940103282,-184.2274107318408,-165.42891093807873,-123.11085411124165,74.25998333072248,-0.02407456613681158,-0.001468761466398183,-4.1080399234617,-0.3175601161282662,-0.25820906401332633,-0.9418704862413003,1.5879855187363672,17,0.2346930605687092,0.08570468030466938,0.04453442214954273,0.0321944537815837,0.029386921535164867,0.08530270766793398,0.07736504895058302
2.839398717880249,0.4175266246818947,0.006485128402709961,0.000928274936050486,0.05,huber,1,3,1000,42,1.0,"{'learning_rate': 0.05, 'loss': 'huber', 'max_depth': 1, 'min_samples_leaf': 3, 'n_estimators': 1000, 'random_state': 42, 'subsample': 1.0}",-39.200861310566175,-350.7617593046559,-287.0994914280813,-28.54347151797017,-60.56673223161088,-153.2344631585769,137.16828541487064,19,-30.318244000796874,-35.40316908680834,-198.85853829705138,-183.99788356972277,-165.1858630935362,-122.75273960958312,74.18586613381827,-0.03638860935393984,-0.001468761466398183,-4.5016462972950295,-0.354205216148769,-0.4573470739162504,-1.0702111916360773,1.7247616288491694,18,0.26304031136627026,0.08570468030464551,0.051609773901490685,0.034604510787048404,0.032236872240539616,0.09343922971999889,0.08692675794860762
1.6439886093139648,0.2793507402523102,0.005484533309936523,0.0007623461174487967,0.05,huber,2,1,400,42,1.0,"{'learning_rate': 0.05, 'loss': 'huber', 'max_depth': 2, 'min_samples_leaf': 1, 'n_estimators': 400, 'random_state': 42, 'subsample': 1.0}",-43.948587803937286,-352.02033109119344,-696.0355563508513,-43.07955992462271,-151.16750001177994,-257.250307036477,246.6309578165139,67,-18.598712246799312,-25.84810824305252,-189.84109287074017,-173.06900706446507,-158.4701445633807,-113.16541299768755,74.94970549491636,-0.3026305565833616,-0.008668415124163387,-31.3363257422062,-2.0847034199911727,-8.07844714688,-8.36215505615698,11.8493551061233,66,0.7226670983565022,0.5126289309012393,0.13567109965870272,0.14588133185112007,0.10932712612069595,0.32523511737765204,0.24810770997159573
2.432314395904541,0.41460828099380836,0.005747222900390625,0.0016840608168507767,0.05,huber,2,1,600,42,1.0,"{'learning_rate': 0.05, 'loss': 'huber', 'max_depth': 2, 'min_samples_leaf': 1, 'n_estimators': 600, 'random_state': 42, 'subsample': 1.0}",-47.72624496612986,-352.1065409148427,-694.945761263141,-45.187631544855385,-228.62086278138014,-273.71740829406974,240.37876139069067,69,-15.938867355144971,-22.588645288003264,-176.54804200297406,-169.00995179257333,-155.40192948118033,-107.89748718397519,72.7162847124594,-0.5361935756011238,-0.009162521665251333,-31.235145908192827,-2.393986077591509,-19.764736607929013,-10.787844938195946,12.57306579857217,69,0.7963189815256703,0.6277946687538974,0.25247728391658175,0.18547547390966712,0.14348271639318877,0.401109824899801,0.26173949970061045
3.233993101119995,0.5879357799641389,0.0059929370880126955,0.0008099787534850586,0.05,huber,2,1,800,42,1.0,"{'learning_rate': 0.05, 'loss': 'huber', 'max_depth': 2, 'min_samples_leaf': 1, 'n_estimators': 800, 'random_state': 42, 'subsample': 1.0}",-50.382189725219995,-352.3396623848804,-356.4286655885846,-61.68388344262188,-232.72890701516377,-210.7126616312941,133.93394876772138,33,-12.791175247309818,-19.60413089580402,-112.19145604771657,-159.0564657415396,-152.171184608154,-91.1628825081048,63.303288865271085,-0.7119279813106132,-0.010499249629248197,-7.479555147556187,-5.324326960473773,-20.51767618783982,-6.808797105361928,7.402372599529183,63,0.8688233476893162,0.7196520367618073,0.6981312524925414,0.27858982015474487,0.17872583659445807,0.5487844587385735,0.26976790432058034
4.0238245010375975,0.7804600992587671,0.006521701812744141,0.0006236124228109813,0.05,huber,2,1,1000,42,1.0,"{'learning_rate': 0.05, 'loss': 'huber', 'max_depth': 2, 'min_samples_leaf': 1, 'n_estimators': 1000, 'random_state': 42, 'subsample': 1.0}",-51.772754332294696,-352.53537707164435,-449.0745751769084,-60.058159916486495,-232.5182726143753,-229.19182782234185,157.26210237556703,58,-10.6776145340363,-18.28995481666333,-60.22974957479394,-144.94499322351547,-143.90902265634304,-75.61026696107042,58.66933124899679,-0.8077316133885752,-0.011622168749184425,-12.460610423501501,-4.9953555355052845,-20.478744094267267,-7.750812767082363,7.74437113538734,64,0.9085920177576133,0.7559788422886036,0.9129997102854005,0.40091830941594364,0.265487205824091,0.6487952171143303,0.2672656783918054
1.5944086074829102,0.2927659756300754,0.004918813705444336,0.0009479331056818204,0.05,huber,2,3,400,42,1.0,"{'learning_rate': 0.05, 'loss': 'huber', 'max_depth': 2, 'min_samples_leaf': 3, 'n_estimators': 400, 'random_state': 42, 'subsample': 1.0}",-38.15000925768267,-352.6784974918555,-365.3149478762793,-33.69550960531729,-75.39662446643115,-173.04711773951317,152.56871927105638,24,-21.237960976945608,-26.98533652279156,-191.5745422768498,-175.0165368544283,-158.54827329336155,-114.67252998487535,74.69867748957047,0.018431285147857523,-0.0124437213568247,-7.907640999150837,-0.8871870884131872,-1.258387770866484,-2.0094456589278953,2.9904033895351727,23,0.6383726389970229,0.46880020996741745,0.11981456627273657,0.12655053722257836,0.1084486730274159,0.2923973250974342,0.21997452939315468
2.4481296062469484,0.4991957640078707,0.0060842037200927734,0.0005548225020419131,0.05,huber,2,3,600,42,1.0,"{'learning_rate': 0.05, 'loss': 'huber', 'max_depth': 2, 'min_samples_leaf': 3, 'n_estimators': 600, 'random_state': 42, 'subsample': 1.0}",-37.701019868638085,-352.9358072781702,-592.9164395074761,-35.61899011379903,-79.23531042311662,-219.68151343823996,220.80854391913738,39,-18.441643208010476,-25.52876443605886,-191.1709176576939,-172.80565144512047,-155.94972576513175,-112.7793405024031,74.99912491854222,0.04139959125302339,-0.013921592633182156,-22.464689062230164,-1.1087937347631236,-1.4942055157756564,-5.008042062829821,8.74898633618594,38,0.7273315583961957,0.5245971183195794,0.12351954978846791,0.14847874445138387,0.13743357719495153,0.33227210963011566,0.2483467588161413
3.1917370796203612,0.5764475477882222,0.006228351593017578,0.0012263660338784458,0.05,huber,2,3,800,42,1.0,"{'learning_rate': 0.05, 'loss': 'huber', 'max_depth': 2, 'min_samples_leaf': 3, 'n_estimators': 800, 'random_state': 42, 'subsample': 1.0}",-37.66005230602319,-353.2946131123391,-606.0341146110183,-36.04330425349862,-81.13178333813892,-222.83277352420365,224.99865445506225,47,-16.62194464180321,-24.146901736740265,-181.1652392301986,-157.6067791999611,-151.574334452068,-106.22303985215424,70.82119816792847,0.04348177286696708,-0.01598421082708712,-23.51443925377529,-1.1593353493378564,-1.6150304622105254,-5.252261500656759,9.15371101869337,42,0.7784869543844062,0.5746709484812988,0.2128666242486229,0.29168017366402743,0.18515565206285078,0.40857207056824124,0.23078348807984758
4.012925338745117,0.8360735433158679,0.0070953845977783205,0.0009070208789912988,0.05,huber,2,3,1000,42,1.0,"{'learning_rate': 0.05, 'loss': 'huber', 'max_depth': 2, 'min_samples_leaf': 3, 'n_estimators': 1000, 'random_state': 42, 'subsample': 1.0}",-37.60588658162575,-353.31434450040507,-615.2681282867999,-36.00911107655998,-79.75758506686854,-224.39101110245187,228.34246103570072,48,-15.085413697648033,-22.98247694101478,-175.29002243549695,-153.58901272873848,-149.65013147587933,-103.31941145575551,69.41555831674701,0.04623127747358069,-0.016097698764868884,-24.267173175348372,-1.1552403022871562,-1.5271946841797903,-5.383894916621321,9.461853642733871,47,0.8175473841074865,0.6147027723551539,0.2630924991188873,0.3273333326676853,0.2057128748539362,0.44567777262062985,0.23314476155826602
2.272040510177612,0.45184062889813076,0.006022834777832031,0.0017139435013444817,0.05,huber,3,1,400,42,1.0,"{'learning_rate': 0.05, 'loss': 'huber', 'max_depth': 3, 'min_samples_leaf': 1, 'n_estimators': 400, 'random_state': 42, 'subsample': 1.0}",-50.43981219755744,-352.1643871347635,-571.9874784386207,-46.79355872625208,-114.05632812372583,-227.0883129241839,205.46852776066405,54,-11.17559210448828,-18.287742239162718,-158.07582151737554,-131.19065077330524,-131.4308332089277,-90.0321279686519,62.295154159826716,-0.715846109287249,-0.009494131707003417,-20.837396663817174,-2.639511107579859,-4.168130600155857,-5.6740757225094285,7.721065737048432,52,0.8998671149152545,0.7560378783082351,0.40072042100532523,0.5092216650248647,0.3873423795526737,0.5906378917612707,0.20347293724750593
3.460121440887451,0.6444483099929129,0.007014179229736328,0.0016016740575990635,0.05,huber,3,1,600,42,1.0,"{'learning_rate': 0.05, 'loss': 'huber', 'max_depth': 3, 'min_samples_leaf': 1, 'n_estimators': 600, 'random_state': 42, 'subsample': 1.0}",-51.220029366200144,-352.22720916603714,-689.3500451084744,-63.06685632926051,-122.92967293001898,-255.7587625799982,242.45304396847766,65,-8.740994555761464,-14.724226562620842,-93.76112935386513,-47.71376633216514,-94.38700865878528,-51.86542509263957,36.93171133959676,-0.7693390340282442,-0.009854327858509038,-30.718119888913137,-5.61109298396611,-5.003550389310617,-8.422391324815324,11.366893788526045,67,0.9387427713928613,0.8418507266844301,0.7891642546921709,0.9350817193884539,0.6840286086378634,0.837773616159156,0.09558311299897844
4.481941890716553,0.872468147413612,0.0077837944030761715,0.0015011495253905052,0.05,huber,3,1,800,42,1.0,"{'learning_rate': 0.05, 'loss': 'huber', 'max_depth': 3, 'min_samples_leaf': 1, 'n_estimators': 800, 'random_state': 42, 'subsample': 1.0}",-51.09073036085168,-352.321612385248,-1387.6335672984535,-69.78756313128795,-138.31279460142207,-399.8292535554527,505.3615085264576,71,-4.344135041391389,-13.519630807061079,-51.501607856048004,-39.1954988306082,-43.89659341562432,-30.4914931901466,18.26805843776664,-0.76041732806054,-0.010395718600324289,-127.52198178934842,-7.0951885033053586,-6.600101992142363,-28.3976170662914,49.64718310851519,71,0.9848698832372711,0.8666687710314077,0.9363878375461435,0.9561921436832564,0.9316584296155601,0.9351554130227278,0.03903393518465569
5.818515586853027,1.3085292916881874,0.009803009033203126,0.0021217919339871576,0.05,huber,3,1,1000,42,1.0,"{'learning_rate': 0.05, 'loss': 'huber', 'max_depth': 3, 'min_samples_leaf': 1, 'n_estimators': 1000, 'random_state': 42, 'subsample': 1.0}",-51.20282278778683,-352.3270610896121,-1712.0772704438393,-76.15952192934301,-162.22819314970334,-470.7989738800569,629.575183343254,72,-2.665789266871126,-12.573227732190226,-22.76092724625255,-34.13662787676133,-32.91833703495253,-21.01098183140555,12.040529768037779,-0.7681504694153796,-0.01042697067194509,-194.64760813855787,-8.640938602434732,-9.45556172392374,-42.70453718100074,76.07097673377879,72,0.9943024614119709,0.8846823505259962,0.9875755124529582,0.9667707265261523,0.961567459595108,0.9589797021024372,0.03912265506462282
2.195080804824829,0.4095403533905009,0.0052359580993652345,0.0010369509788091347,0.05,huber,3,3,400,42,1.0,"{'learning_rate': 0.05, 'loss': 'huber', 'max_depth': 3, 'min_samples_leaf': 3, 'n_estimators': 400, 'random_state': 42, 'subsample': 1.0}",-38.574387174806496,-351.40216626189266,-576.1449962612026,-45.303233491109104,-97.73760498290902,-221.83247763438393,210.93662756467006,44,-13.317588718756369,-23.725280615703966,-177.37854969185958,-168.37930297215937,-138.99939270631444,-104.36002294095874,71.3032199852021,-0.003527973296286069,-0.005128983932420228,-21.1560026565912,-2.4113737233769905,-2.7950551644407984,-5.274217700327538,8.026414915920858,43,0.857804175946117,0.5893943380333176,0.24542783065729112,0.1915428154789286,0.31474987544673494,0.4397838071124779,0.24986222575694708
3.3821702003479004,0.6483980000975786,0.006828594207763672,0.0009212266013879057,0.05,huber,3,3,600,42,1.0,"{'learning_rate': 0.05, 'loss': 'huber', 'max_depth': 3, 'min_samples_leaf': 3, 'n_estimators': 600, 'random_state': 42, 'subsample': 1.0}",-38.890630155265875,-351.4265767680777,-561.1282276528638,-46.22184649348395,-113.61397514058159,-222.2562512420546,203.9281227301928,45,-10.748383394611976,-21.57375127690736,-173.06338385915848,-155.31819677273018,-128.94466543142266,-97.92967614696613,68.3099567607001,-0.02004979492858494,-0.005268633381591226,-20.016096438615115,-2.5511210807235956,-4.128120461694058,-5.344131281868589,7.501939054914436,45,0.9073763387790785,0.6604892320638687,0.2816948732386093,0.3121016152551499,0.4103014270012285,0.514392697267587,0.23735428864478575
4.659316062927246,0.9110573413544866,0.007556104660034179,0.0007186810744615791,0.05,huber,3,3,800,42,1.0,"{'learning_rate': 0.05, 'loss': 'huber', 'max_depth': 3, 'min_samples_leaf': 3, 'n_estimators': 800, 'random_state': 42, 'subsample': 1.0}",-38.90426774056237,-351.1636880068509,-595.0990752191123,-50.628323672529234,-116.44065062207414,-230.44720105222578,214.2729460575004,60,-8.425927867580787,-19.241343741459026,-160.3863470398385,-145.03069639399027,-124.19321359964447,-91.45550572850263,64.50165183410732,-0.02076531201242382,-0.0037651900074662237,-22.637762806250663,-3.2604747377343752,-4.386466395177116,-6.061846888236408,8.468891246393706,60,0.9430791837928085,0.7299320707694318,0.3830735706785018,0.400209649140969,0.45296004537410395,0.5818509039511631,0.2197875015647423
6.363518190383911,1.8851713547940476,0.010240745544433594,0.004008108582809126,0.05,huber,3,3,1000,42,1.0,"{'learning_rate': 0.05, 'loss': 'huber', 'max_depth': 3, 'min_samples_leaf': 3, 'n_estimators': 1000, 'random_state': 42, 'subsample': 1.0}",-39.32419565593893,-351.1057824728451,-561.9838970647677,-53.339851939331645,-117.69836963144283,-224.69041935286523,202.44341761783028,49,-7.461900777846478,-16.769761035859183,-143.87979165837726,-134.62431477545374,-117.11344400858786,-83.9698424512249,59.368159792891895,-0.04292027139677246,-0.0034341833051578785,-20.080240572103417,-3.7290565827639313,-4.503457307998537,-5.671821783513563,7.437164706789617,51,0.9553589311099194,0.7948573477235392,0.5035240854456778,0.48319510119870845,0.5135515511852649,0.6500974033326219,0.19085330888073512
1.2202273845672607,0.18511407303169847,0.005854177474975586,0.001953624604632294,0.01,huber,1,1,400,42,1.0,"{'learning_rate': 0.01, 'loss': 'huber', 'max_depth': 1, 'min_samples_leaf': 1, 'n_estimators': 400, 'random_state': 42, 'subsample': 1.0}",-38.39056248450426,-350.96866505829695,-571.9520421974884,-26.585793145812545,-52.45079456730245,-208.06957149068094,218.52923605820462,32,-34.02931750283203,-35.970231862936686,-202.0232839614641,-185.96818234215667,-166.9789150316014,-124.99398614019819,74.31540801913484,0.006013781351170588,-0.00265059362046971,-20.834690970729785,-0.17481678105900578,-0.09294636781719223,-4.219818186375056,8.30769839776269,32,0.07158505473539067,0.05618105063248702,0.021183150342949042,0.01381838321774398,0.011113183169240703,0.034776164419562286,0.02448264228515503
1.8706222534179688,0.40499751528811717,0.005388450622558594,0.0013686565788868375,0.01,huber,1,1,600,42,1.0,"{'learning_rate': 0.01, 'loss': 'huber', 'max_depth': 1, 'min_samples_leaf': 1, 'n_estimators': 600, 'random_state': 42, 'subsample': 1.0}",-38.63155699048715,-350.8837383081601,-609.2720310856331,-27.044971278990083,-52.87634873467524,-215.74172927958912,230.92382849419678,36,-33.74562141808989,-35.863999211878,-201.6592805706389,-185.69259179050735,-166.77586288445215,-124.74747117511326,74.26671947572655,-0.006504768401596417,-0.0021654132470010357,-23.77709031218961,-0.2157490749748472,-0.11075333101195928,-4.822452579965003,9.477643591617854,36,0.0870005727174109,0.06174767203330134,0.024707216115448016,0.016739108173051687,0.01351676213857722,0.040742266235557836,0.028829014877236867
2.445942211151123,0.40951979531284166,0.0063878059387207035,0.0014520185412068346,0.01,huber,1,1,800,42,1.0,"{'learning_rate': 0.01, 'loss': 'huber', 'max_depth': 1, 'min_samples_leaf': 1, 'n_estimators': 800, 'random_state': 42, 'subsample': 1.0}",-39.102334209784985,-350.825610443001,-630.6844263874419,-27.37451807381291,-53.26577542437633,-220.25053290768346,238.0779569854192,41,-33.48751563951912,-35.76924561553778,-201.41340285800297,-185.5043059028977,-166.64140274760825,-124.56317455271316,74.25563120923543,-0.03118545629088021,-0.0018334006487901178,-25.549236344675766,-0.2455577349391893,-0.1271746559756839,-5.1909975185060615,10.179475914788283,41,0.10091344340364461,0.06669889568914666,0.02708406250368367,0.0187320825632733,0.015106790796697522,0.04570705499128915,0.03316396795585388
3.243494081497192,0.5762634658207056,0.00741109848022461,0.0018894753988432773,0.01,huber,1,1,1000,42,1.0,"{'learning_rate': 0.01, 'loss': 'huber', 'max_depth': 1, 'min_samples_leaf': 1, 'n_estimators': 1000, 'random_state': 42, 'subsample': 1.0}",-39.66099464917895,-350.80054544554093,-636.4013334122094,-27.564460949751957,-53.071722123592345,-221.4998113160547,239.96093410455978,43,-33.24123147174067,-35.689659559563005,-201.2300054429117,-185.37475864107992,-166.52323086092628,-124.4117771952443,74.26248365493042,-0.06086132178710901,-0.0016902522932549235,-26.032734653115515,-0.2629027424552153,-0.11897676425037096,-5.295433146780292,10.369013383531614,44,0.1140894896413861,0.07084743833723539,0.028855037329306277,0.020102144392904808,0.016503147519988604,0.05007945144416424,0.037430140655289185
1.4035320281982422,0.34348425409998373,0.004437637329101562,0.0008104169723578219,0.01,huber,1,3,400,42,1.0,"{'learning_rate': 0.01, 'loss': 'huber', 'max_depth': 1, 'min_samples_leaf': 3, 'n_estimators': 400, 'random_state': 42, 'subsample': 1.0}",-38.40055328723321,-350.96866505829695,-158.91804747649152,-26.606473109516198,-52.46015109634627,-125.47077800557683,122.19160638690715,1,-34.03029104890926,-35.970231862936686,-202.75499534641062,-186.03570892300002,-167.01742395647165,-125.16173022754565,74.48263926425312,0.005496361872325162,-0.00265059362046971,-0.685676609945324,-0.17664517243700617,-0.09333633699216115,-0.19056247022452716,0.2563335961299374,1,0.07153193185644158,0.05618105063248702,0.014079924937819177,0.013102071834231066,0.010657013487314626,0.03311039854965869,0.025593420145698577
1.9511417865753173,0.4401209888932158,0.006285572052001953,0.0011448173847940874,0.01,huber,1,3,600,42,1.0,"{'learning_rate': 0.01, 'loss': 'huber', 'max_depth': 1, 'min_samples_leaf': 3, 'n_estimators': 600, 'random_state': 42, 'subsample': 1.0}",-38.3777831504152,-350.8837383081601,-187.04562419956193,-27.111574180325107,-52.91460390868306,-131.26666474942905,124.06339022451907,2,-33.75347755599147,-35.863999211878,-202.42630413158707,-185.7892964499739,-166.85994165193253,-124.9386038002726,74.44939421730892,0.006675421450417107,-0.0021654132470010357,-1.3351937785415329,-0.22174443131037713,-0.11236113616987797,-0.3329578675636744,0.5079926350643066,2,0.08657542219319758,0.06174767203330134,0.017273933480864256,0.015714719767141228,0.01252185555312435,0.03876672060552575,0.02998640911707333
2.526450490951538,0.41463778909808074,0.0055106163024902345,0.001118580277930193,0.01,huber,1,3,800,42,1.0,"{'learning_rate': 0.01, 'loss': 'huber', 'max_depth': 1, 'min_samples_leaf': 3, 'n_estimators': 800, 'random_state': 42, 'subsample': 1.0}",-38.374388947343625,-350.825610443001,-247.750268526887,-27.412477499758918,-53.287400476526955,-143.5300291787035,131.5431813641088,9,-33.50202687361872,-35.76924561553778,-202.15469390182338,-185.6123770856098,-166.73161413554945,-124.75399152242782,74.43378087778645,0.006851116655607559,-0.0018334006487901178,-3.0969068286372643,-0.2490144853236116,-0.1280900714933133,-0.6937987338894744,1.20519824667981,7,0.10013406744435738,0.06669889568914666,0.01990935560969087,0.01758841450370563,0.014040157522874241,0.043674178153954954,0.0341797184037558
3.8580162525177,0.5682567247764624,0.006834220886230469,0.0010384500951616067,0.01,huber,1,3,1000,42,1.0,"{'learning_rate': 0.01, 'loss': 'huber', 'max_depth': 1, 'min_samples_leaf': 3, 'n_estimators': 1000, 'random_state': 42, 'subsample': 1.0}",-38.29780128693286,-350.80054544554093,-255.4599563253561,-27.584650137711378,-53.02433693150111,-145.0334580254085,132.80550218289974,10,-33.2646934224112,-35.689659559563005,-201.89359999556228,-185.49359414649032,-166.61951932184851,-124.59221328917506,74.42466926239294,0.01081141664878793,-0.0016902522932549235,-3.3558557274394456,-0.2647534093943962,-0.11697949504615268,-0.7456934935048923,1.3088446848912558,10,0.11283848160374355,0.07084743833723539,0.022439402656489582,0.018845403915835557,0.015365447071852056,0.048067234717031226,0.038195183431749165
1.9714268684387206,0.2614862265255784,0.005341386795043946,0.0009560395307870375,0.01,huber,2,1,400,42,1.0,"{'learning_rate': 0.01, 'loss': 'huber', 'max_depth': 2, 'min_samples_leaf': 1, 'n_estimators': 400, 'random_state': 42, 'subsample': 1.0}",-38.84957219430345,-352.62045996508067,-649.3652527015088,-27.936005588438046,-58.249052558389025,-225.404068601544,243.99348814396637,51,-28.663845995578548,-32.880170933124965,-198.70996364063447,-183.27024328159195,-163.88095648416586,-121.48103606701916,74.89340519563649,-0.01789713980751828,-0.012110528972310908,-27.145301907742116,-0.2971778267376284,-0.34794582984366884,-5.564086646620649,10.791496305338681,48,0.3412743590402597,0.2113753434572404,0.053026400160981035,0.0422249427025988,0.04746641421297937,0.13907349191481186,0.11940548443988543
2.717280387878418,0.433592366692994,0.005561637878417969,0.0009234081075830303,0.01,huber,2,1,600,42,1.0,"{'learning_rate': 0.01, 'loss': 'huber', 'max_depth': 2, 'min_samples_leaf': 1, 'n_estimators': 600, 'random_state': 42, 'subsample': 1.0}",-40.27477999693114,-352.2946119864562,-658.6293814727281,-29.78975733541298,-61.409444981445894,-228.47959515459488,246.23977592689263,57,-26.59792286841329,-31.537129065079274,-195.53200944067336,-182.5525847672751,-162.6382184135103,-119.77157291099027,74.81349428085773,-0.09395073892664918,-0.010240859851790685,-27.95409673522387,-0.4750435052378954,-0.4981836470815022,-5.806303097264342,11.075635700856092,56,0.4328067031461913,0.2744847777706151,0.08307395092557823,0.04971126042138041,0.061858098089150326,0.18038695807058308,0.15044279799348484
3.302954387664795,0.5878945043877422,0.006086540222167969,0.00023977648278779512,0.01,huber,2,1,800,42,1.0,"{'learning_rate': 0.01, 'loss': 'huber', 'max_depth': 2, 'min_samples_leaf': 1, 'n_estimators': 800, 'random_state': 42, 'subsample': 1.0}",-41.38877854719865,-352.5371065865974,-668.420514591135,-30.149295279110014,-65.02684138016099,-231.50450727684037,248.9767910848724,62,-24.543873592651657,-30.513378334073845,-193.84394350179033,-180.91048684511827,-162.19224769840503,-118.40078599440783,74.90012184789335,-0.1553049447355732,-0.011632094674769666,-28.82135416107076,-0.5108634987773664,-0.6798868326010501,-6.035808306371903,11.395288751695096,59,0.517028108216443,0.3208232573589944,0.09883761305211392,0.0667304530630517,0.06699600716396215,0.214083087770913,0.17877252411733768
4.132082414627075,0.8782235607239731,0.007037353515625,0.0008772114715545965,0.01,huber,2,1,1000,42,1.0,"{'learning_rate': 0.01, 'loss': 'huber', 'max_depth': 2, 'min_samples_leaf': 1, 'n_estimators': 1000, 'random_state': 42, 'subsample': 1.0}",-41.24498740215818,-352.68381300087196,-676.9966638130121,-33.56660343815946,-69.77984813185049,-234.85438315721044,250.848377066106,63,-23.362588107485916,-29.466611587593558,-193.22727421951032,-179.31727622883176,-161.37959856444442,-117.35066974157318,74.95736543770126,-0.14729146578782482,-0.012474240338409492,-29.59150734841096,-0.8727753921424999,-0.9344377009098674,-6.311697229517913,11.645827223946922,61,0.5623997619006345,0.3666225240127785,0.10456216866031232,0.08309597961216886,0.07632204388949126,0.23860049561507707,0.19479108197590136
1.649494457244873,0.27853378753858277,0.005407094955444336,0.0007582785572193062,0.01,huber,2,3,400,42,1.0,"{'learning_rate': 0.01, 'loss': 'huber', 'max_depth': 2, 'min_samples_leaf': 3, 'n_estimators': 400, 'random_state': 42, 'subsample': 1.0}",-40.787338765103605,-351.69423443775014,-181.96935887868165,-27.505464380253176,-57.89458880327562,-131.97019705301284,122.87632688474332,3,-29.18859858438317,-32.882664956754454,-197.2915945228533,-182.58795969037476,-163.0836401317747,-121.00689157722809,74.26777883841328,-0.12197234546346691,-0.006800505715240046,-1.2101632310086505,-0.2575025138432674,-0.33159039934489276,-0.3856057990751035,0.4271344335903395,3,0.3169348423661543,0.21125570155350348,0.06649693208542973,0.04934293204948359,0.056712431882176784,0.1401485679873496,0.10671590982604517
2.5351130962371826,0.4298502028154342,0.006324625015258789,0.0020731872783750433,0.01,huber,2,3,600,42,1.0,"{'learning_rate': 0.01, 'loss': 'huber', 'max_depth': 2, 'min_samples_leaf': 3, 'n_estimators': 600, 'random_state': 42, 'subsample': 1.0}",-39.24859112168246,-351.9341867691787,-185.90047598523256,-28.580406119584175,-60.38655275738847,-133.21004255061328,123.04138237166912,4,-27.29999543478528,-31.815434254990382,-195.81595404569623,-181.48198472673658,-161.75919409372523,-119.63451251118674,74.351952498451,-0.03891389810874113,-0.008174804855927364,-1.3066878238807629,-0.35771210497125194,-0.4486890717311949,-0.4320355407095756,0.4701107271551207,4,0.4024685150148609,0.2616233934791766,0.08040896276758991,0.060824725590804984,0.07197160067395336,0.17545943950527715,0.13553065400596628
3.3002514839172363,0.6168848352700022,0.006692075729370117,0.0010267627868130252,0.01,huber,2,3,800,42,1.0,"{'learning_rate': 0.01, 'loss': 'huber', 'max_depth': 2, 'min_samples_leaf': 3, 'n_estimators': 800, 'random_state': 42, 'subsample': 1.0}",-38.72835605483735,-351.6795937765272,-191.6417036545983,-30.06968538425573,-63.30542999639132,-135.08495377332198,122.94470674868747,5,-26.00912047231057,-30.78289382979263,-194.85544044525912,-180.73570180783295,-161.20034402513429,-118.71670011606591,74.53237412151489,-0.011555084308131569,-0.0067166833669052295,-1.4513643484822736,-0.5028950947033151,-0.5921230648450806,-0.5129308551411412,0.5281401320243084,5,0.4576408421551994,0.3087723424238231,0.0894083660793632,0.06853292185513316,0.07837287945357185,0.20054547039341813,0.15653497814524098
4.172992467880249,0.731100425987313,0.007369422912597656,0.0007555201146853277,0.01,huber,2,3,1000,42,1.0,"{'learning_rate': 0.01, 'loss': 'huber', 'max_depth': 2, 'min_samples_leaf': 3, 'n_estimators': 1000, 'random_state': 42, 'subsample': 1.0}",-38.397047389546344,-351.65478046349,-197.6022173167467,-30.72245672083796,-67.24347795693583,-137.12399596951138,122.98996502237979,6,-24.796557228501804,-30.017943217544598,-194.20812569485258,-179.69178885984041,-160.7494898987483,-117.89278097989754,74.65753907247755,0.0056779461748818205,-0.0065746273852944626,-1.6062222415360479,-0.568854908579632,-0.7963668978339347,-0.5944681458320054,0.5951234518886279,6,0.5070323509874994,0.34269932008593296,0.09544833425806742,0.07926198503379167,0.08352098653580786,0.22159259538021986,0.1739981834816753
2.256991481781006,0.43940828321528286,0.00491480827331543,0.001377388437736188,0.01,huber,3,1,400,42,1.0,"{'learning_rate': 0.01, 'loss': 'huber', 'max_depth': 3, 'min_samples_leaf': 1, 'n_estimators': 400, 'random_state': 42, 'subsample': 1.0}",-43.672035189818445,-354.24593169638734,-529.8827054883965,-28.243327681968942,-74.47568918297092,-206.10393784790844,201.05882532856995,31,-23.86560051621561,-30.370838404250375,-193.74330991331644,-177.31801169930694,-158.5284843899952,-116.76524898461692,74.06857043757583,-0.2862881685851948,-0.021463071293096325,-17.740764781847698,-0.32587514157717856,-1.2035543637563735,-3.9155891054119083,6.924055229792172,31,0.5433532420818048,0.32715383707624446,0.09977304248202512,0.10342770260286294,0.1086712137295166,0.23647580759449074,0.17613615374048433
3.3654621124267576,0.6748545368963801,0.005934906005859375,0.001030006688337174,0.01,huber,3,1,600,42,1.0,"{'learning_rate': 0.01, 'loss': 'huber', 'max_depth': 3, 'min_samples_leaf': 1, 'n_estimators': 600, 'random_state': 42, 'subsample': 1.0}",-47.99970587270429,-353.88671607997185,-549.3615438348531,-32.19394988726243,-79.4915787920823,-212.5866988933748,205.29380127156077,34,-21.992736557007202,-28.093355525555758,-192.31004419551874,-170.1396487240028,-157.63770103370797,-114.03469720715847,73.53047559197714,-0.5538481133386091,-0.019392535445200476,-19.14393583340344,-0.7227387640340959,-1.5103654733985525,-4.39005614392398,7.392401415599622,33,0.6122121577657116,0.42428247647210016,0.11304309455594375,0.17455018654186183,0.11865995653606132,0.28854957437433576,0.19790995716897014
4.660760879516602,1.0919994955808876,0.007818984985351562,0.0009968403952548715,0.01,huber,3,1,800,42,1.0,"{'learning_rate': 0.01, 'loss': 'huber', 'max_depth': 3, 'min_samples_leaf': 1, 'n_estimators': 800, 'random_state': 42, 'subsample': 1.0}",-49.05786266572845,-353.44019262605786,-549.5685797963341,-34.00727154321241,-83.89295191961979,-213.9933717101905,204.24542774434713,35,-20.48794061335841,-26.527136573279364,-190.15087481987385,-160.6651260740567,-157.17178778839985,-111.00057317379364,72.37598672012426,-0.6231126357558923,-0.01682168162475528,-19.15912184354398,-0.9222703935179819,-1.796054678355401,-4.503476246559601,7.35024361108317,34,0.6634634344253784,0.48668617088785815,0.13284798115537455,0.2639236766733609,0.12386202649892197,0.33415665792817884,0.210423331585933
6.144110298156738,1.3409098646502067,0.009081649780273437,0.0032738228165240055,0.01,huber,3,1,1000,42,1.0,"{'learning_rate': 0.01, 'loss': 'huber', 'max_depth': 3, 'min_samples_leaf': 1, 'n_estimators': 1000, 'random_state': 42, 'subsample': 1.0}",-48.93286565347113,-353.2178103230118,-554.4150872942031,-35.99049376400573,-86.82287319862662,-215.8758260466637,205.11216516095647,37,-18.89618367718995,-25.352139860630366,-188.06120285194996,-158.7447338703141,-156.48758463572113,-109.5083689791611,72.24216644799033,-0.6148519513511912,-0.015542528803736078,-19.51624610632259,-1.1530122878460216,-1.9947668370257379,-4.658883942269855,7.457139943800916,35,0.7137247196251086,0.5311526537698334,0.151802470744136,0.28141480647283135,0.13147346351018852,0.36191362282441963,0.22633705843927793
2.2719560146331785,0.30959588006207694,0.005439186096191406,0.0009431266381573875,0.01,huber,3,3,400,42,1.0,"{'learning_rate': 0.01, 'loss': 'huber', 'max_depth': 3, 'min_samples_leaf': 3, 'n_estimators': 400, 'random_state': 42, 'subsample': 1.0}",-38.57278407054526,-351.3435170909293,-216.64843312481483,-28.95628265935684,-72.48429958539002,-141.60106330620724,124.66339045028815,8,-24.344181822390578,-30.46866652617169,-195.48922954367055,-177.44868140529684,-158.95375733141313,-117.34090332578856,74.35981607260014,-0.0034445642438531987,-0.004793499021457093,-2.132845116371132,-0.39365896690373336,-1.0872890809982096,-0.7244062455076771,0.8077630863456052,8,0.5248551666325267,0.32281221911187485,0.08347513036394882,0.10210580637338296,0.10388259227793684,0.22742618295193404,0.17277304034552307
3.4949347972869873,0.7021514179886165,0.005660724639892578,0.0007031267213924515,0.01,huber,3,3,600,42,1.0,"{'learning_rate': 0.01, 'loss': 'huber', 'max_depth': 3, 'min_samples_leaf': 3, 'n_estimators': 600, 'random_state': 42, 'subsample': 1.0}",-38.17390080465576,-351.594794639154,-248.0871457810786,-32.747728939847505,-79.28572035801321,-149.97785810454982,127.68338013779172,17,-21.45271032052038,-28.76552657192612,-193.99432286406883,-175.99546663862827,-158.20590499480525,-115.68278627798978,74.84978162950577,0.017201480033679273,-0.006231250515374098,-3.108055902749241,-0.7825153261454452,-1.497380179518947,-1.0753962357790656,1.1603825689868423,19,0.631022416696158,0.39640327462600977,0.09743887149035846,0.11675218334164106,0.11229493812910174,0.27078233685665387,0.21187026023550604
4.450757694244385,0.693533578579609,0.007800388336181641,0.004722843829961486,0.01,huber,3,3,800,42,1.0,"{'learning_rate': 0.01, 'loss': 'huber', 'max_depth': 3, 'min_samples_leaf': 3, 'n_estimators': 800, 'random_state': 42, 'subsample': 1.0}",-38.004751691141735,-351.62989538410176,-269.7201430772209,-34.631937817488044,-84.26694309503607,-155.6507342129977,130.38514759809595,20,-19.818836931935444,-27.799124742075612,-191.40518964741068,-175.3094714790428,-157.86613513929063,-114.43975158795101,74.79888763108683,0.025891773144566144,-0.006432170608871468,-3.8557305854573967,-0.9935378452092878,-1.8210396286770347,-1.3301696913616048,1.436935339140709,20,0.6850859960231954,0.43627867676805876,0.12137005303272219,0.12362421127130518,0.11610379140103566,0.2964925456992634,0.22962425100008327
5.191571378707886,0.7365916202195871,0.005681467056274414,0.006974648376829728,0.01,huber,3,3,1000,42,1.0,"{'learning_rate': 0.01, 'loss': 'huber', 'max_depth': 3, 'min_samples_leaf': 3, 'n_estimators': 1000, 'random_state': 42, 'subsample': 1.0}",-37.93931601081143,-351.8045227163712,-275.6341132709009,-35.89786952028826,-85.83191737558796,-157.42154777879196,131.0938860914656,21,-18.539177805804915,-26.641826491616403,-188.98080740606113,-174.4777552652324,-157.31349684374547,-113.19061276249207,74.69495683676469,0.029243278283286434,-0.007432052633792763,-4.071001649793423,-1.1419446696280375,-1.9267952148177478,-1.423586061717943,1.5137738199678525,21,0.724439740831538,0.48223795709886674,0.14348695022508462,0.13192001988434088,0.12228142914958673,0.32087321943788333,0.24311002243710159
